{
  "Header": {
    "title": "",
    "paragraph": ""
  },
  "About": {
    "paragraph": "We are a trusted service provider with over 10 years of experience, delivering top-quality solutions with excellence and reliability. Committed to customer satisfaction, we offer innovative and efficient services tailored to your needs. Our expertise and dedication set us apart, ensuring the best results every time. Choose us for excellence you can trust!",
    "Why": [
      "Over 10 Years of Expertise",
      "Trusted by Many",
      "Customer-Centric Approach",
      "Innovative Solutions"
    ],
    "Why2": [
      "Highly Skilled Team",
      "Commitment to Quality",
      "Affordable & Transparent Pricing",
      "24/7 Support & Assistance"
    ]
  },
  "Gallery": [
    {
      "title": "Project Title",
      "largeImage": "img/portfolio/01-large.jpg",
      "smallImage": "img/portfolio/01-small.jpg"
    },
    {
      "title": "Project Title",
      "largeImage": "img/portfolio/02-large.jpg",
      "smallImage": "img/portfolio/02-small.jpg"
    },
    {
      "title": "Project Title",
      "largeImage": "img/portfolio/03-large.jpg",
      "smallImage": "img/portfolio/03-small.jpg"
    },
    {
      "title": "Project Title",
      "largeImage": "img/portfolio/04-large.jpg",
      "smallImage": "img/portfolio/04-small.jpg"
    },
    {
      "title": "Project Title",
      "largeImage": "img/portfolio/05-large.jpg",
      "smallImage": "img/portfolio/05-small.jpg"
    },
    {
      "title": "Project Title",
      "largeImage": "img/portfolio/06-large.jpg",
      "smallImage": "img/portfolio/06-small.jpg"
    },
    {
      "title": "Project Title",
      "largeImage": "img/portfolio/07-large.jpg",
      "smallImage": "img/portfolio/07-small.jpg"
    },
    {
      "title": "Project Title",
      "largeImage": "img/portfolio/08-large.jpg",
      "smallImage": "img/portfolio/08-small.jpg"
    },
    {
      "title": "Project Title",
      "largeImage": "img/portfolio/09-large.jpg",
      "smallImage": "img/portfolio/09-small.jpg"
    }
  ],
  "Services": [
    {
      "icon": "fa fa-wordpress",
      "name": "Top Sports ID Provider",
      "text": "We provide top-quality fantasy sports IDs for players who want to showcase their skills and enjoy the game."
    },
    {
      "icon": "fa fa-cart-arrow-down",
      "name": "Established in 2013",
      "text": "We have been in this industry since 2013, giving us extensive experience compared to newcomers."
    },
    {
      "icon": "fa fa-cloud-download",
      "name": "Enhanced Security",
      "text": "Your security is our top priority—your data remains completely safe and is never shared at any point!"
    }
    
    
  ],
  "Testimonials": [
    {
      "img": "img/testimonials/01.jpg",
      "text": "\"This service exceeded my expectations! Fast, reliable, and efficient. The team went above and beyond to ensure everything was perfect. Highly recommend fo\"",
      "name": "John Doe"
    },
    {
      "img": "img/testimonials/02.jpg",
      "text": "\"I’m so impressed with the results! The customer support was incredible, and they helped me through every step. Worth every penny. Truly a game-changer.\"",
      "name": "Johnathan Doe"
    },
    {
      "img": "img/testimonials/03.jpg",
      "text": "\"Outstanding experience! The team was professional, friendly, and delivered exactly what I wanted. Quality work and timely completion. Will definitely return for!\"",
      "name": "John Doe"
    },
    {
      "img": "img/testimonials/04.jpg",
      "text": "\"A truly top-notch service! Quick, affordable, and delivered with great attention to detail. I felt confident and supported throughout the entire process. Five stars.\"",
      "name": "Johnathan Doe"
    },
    {
      "img": "img/testimonials/05.jpg",
      "text": "\"Absolutely fantastic experience! The staff was knowledgeable and attentive, ensuring everything was handled smoothly. I felt valued as a customer. Definitely recommend.\"",
      "name": "John Doe"
    },
    {
      "img": "img/testimonials/06.jpg",
      "text": "\"I am beyond satisfied! The service was impeccable, and the final product was perfect. The team made the whole experience enjoyable. Highly recommend to anyone!.........\"",
      "name": "Johnathan Doe"
    }
  ],
  "Team": [
    {
      "img": "img/team/01.jpg",
      "name": "John Doe",
      "job": "Director"
    },
    {
      "img": "img/team/02.jpg",
      "name": "Mike Doe",
      "job": "Senior Designer"
    },
    {
      "img": "img/team/03.jpg",
      "name": "Jane Doe",
      "job": "Senior Designer"
    },
    {
      "img": "img/team/04.jpg",
      "name": "Karen Doe",
      "job": "Project Manager"
    }
  ],
  "Contact": {
    "address": "4321 California St, San Francisco, CA 12345 ",
    "phone": "+1 123 456 1234",
    "email": "info@company.com",
    "facebook": "fb.com",
    "twitter": "twitter.com",
    "youtube": "youtube.com"
  },
  "Features": [
    {
      "icon": "fa fa-comments-o",
      "title": "User-friendly interface",
      "text": "Our platform is designed for easy navigation, ensuring a seamless experience for everyone."
    },
    {
      "icon": "fa fa-bullhorn",
      "title": "24/7 customer support",
      "text": "Contact our dedicated team anytime for assistance, guidance, and support with any inquiries."
    },
    {
      "icon": "fa fa-group",
      "title": "High-level security",
      "text": "We prioritize your privacy and data protection with advanced security measures and encryption protocols."
    },
    {
      "icon": "fa fa-magic",
      "title": "Fast delivery",
      "text": "Enjoy quick and reliable service, ensuring your needs are met without unnecessary delays."
    }
  ]
}
